{"cameraMode":{"drawMode":0,"name":"Shaded","section":"Shading Mode"},"sceneLighting":true,"audioPlay":false,"sceneViewState":{"showFog":true,"showMaterialUpdate":false,"showSkybox":true,"showFlares":true,"showImageEffects":true,"showParticleSystems":true},"in2DMode":false,"pivot":{"x":347.67919921875,"y":548.5562744140625,"z":244.5605010986328},"rotation":{"x":0.574272096157074,"y":0.16759294271469117,"z":-0.12148421257734299,"w":0.7920904755592346},"size":13.252985954284668,"orthographic":false}