{"cameraMode":{"drawMode":0,"name":"Shaded","section":"Shading Mode"},"sceneLighting":true,"audioPlay":false,"sceneViewState":{"showFog":true,"showMaterialUpdate":false,"showSkybox":true,"showFlares":true,"showImageEffects":true,"showParticleSystems":true},"in2DMode":false,"pivot":{"x":346.6368408203125,"y":547.9697875976563,"z":242.0052947998047},"rotation":{"x":0.6507636308670044,"y":0.1754528135061264,"z":-0.1582033485174179,"w":0.7216202616691589},"size":13.252985954284668,"orthographic":false}