{"cameraMode":{"drawMode":0,"name":"Shaded","section":"Shading Mode"},"sceneLighting":true,"audioPlay":false,"sceneViewState":{"showFog":true,"showMaterialUpdate":false,"showSkybox":true,"showFlares":true,"showImageEffects":true,"showParticleSystems":true},"in2DMode":false,"pivot":{"x":633.9862060546875,"y":264.1863098144531,"z":13.752833366394043},"rotation":{"x":0.08720139414072037,"y":-0.0029911247547715904,"z":0.00028599268989637494,"w":0.9962189197540283},"size":704.6875,"orthographic":false}