{"cameraMode":{"drawMode":0,"name":"Shaded","section":"Shading Mode"},"sceneLighting":false,"audioPlay":false,"sceneViewState":{"showFog":false,"showMaterialUpdate":false,"showSkybox":false,"showFlares":false,"showImageEffects":false,"showParticleSystems":false},"in2DMode":false,"pivot":{"x":43.97014617919922,"y":7.859169006347656,"z":-19.209705352783204},"rotation":{"x":0.026002347469329835,"y":0.9737790822982788,"z":-0.14897523820400239,"w":0.169964998960495},"size":45.8689079284668,"orthographic":false}