{"cameraMode":{"drawMode":0,"name":"Shaded","section":"Shading Mode"},"sceneLighting":false,"audioPlay":false,"sceneViewState":{"showFog":false,"showMaterialUpdate":false,"showSkybox":false,"showFlares":false,"showImageEffects":false,"showParticleSystems":false},"in2DMode":false,"pivot":{"x":515.133056640625,"y":340.5989685058594,"z":-103.20703125},"rotation":{"x":0.039293237030506137,"y":0.017980432137846948,"z":-0.0007071139407344163,"w":0.9990680813789368},"size":608.8897705078125,"orthographic":false}